{"cameraMode":{"drawMode":0,"name":"Shaded","section":"Shading Mode"},"sceneLighting":false,"audioPlay":false,"sceneViewState":{"m_AlwaysRefresh":false,"showFog":true,"showSkybox":false,"showFlares":true,"showImageEffects":true,"showParticleSystems":true,"showVisualEffectGraphs":true,"m_FxEnabled":true},"in2DMode":false,"pivot":{"x":-212.44590759277345,"y":-0.11017411947250366,"z":-213.25161743164063},"rotation":{"x":0.1414334923028946,"y":0.6215189099311829,"z":-0.11547818779945374,"w":0.7618889808654785},"size":2.2638463973999025,"orthographic":false}