{"cameraMode":{"drawMode":0,"name":"Shaded","section":"Shading Mode"},"sceneLighting":false,"audioPlay":false,"sceneViewState":{"m_AlwaysRefresh":false,"showFog":true,"showSkybox":false,"showFlares":true,"showImageEffects":true,"showParticleSystems":true,"showVisualEffectGraphs":true,"m_FxEnabled":false},"in2DMode":false,"pivot":{"x":-214.3521728515625,"y":1.0614346265792847,"z":-213.41053771972657},"rotation":{"x":-0.020551037043333055,"y":-0.9508908987045288,"z":0.17877799272537232,"w":-0.25649940967559817},"size":2.1760032176971437,"orthographic":false}