{"cameraMode":{"drawMode":0,"name":"Shaded","section":"Shading Mode"},"sceneLighting":false,"audioPlay":false,"sceneViewState":{"m_AlwaysRefresh":false,"showFog":true,"showSkybox":false,"showFlares":true,"showImageEffects":true,"showParticleSystems":true,"showVisualEffectGraphs":true,"m_FxEnabled":false},"in2DMode":false,"pivot":{"x":-0.17842531204223634,"y":0.9017695188522339,"z":0.28655046224594118},"rotation":{"x":-0.020551037043333055,"y":-0.9508908987045288,"z":0.17877799272537232,"w":-0.25649940967559817},"size":2.666238784790039,"orthographic":false}