{"cameraMode":{"drawMode":0,"name":"Shaded","section":"Shading Mode"},"sceneLighting":false,"audioPlay":false,"sceneViewState":{"m_AlwaysRefresh":false,"showFog":true,"showSkybox":false,"showFlares":true,"showImageEffects":true,"showParticleSystems":true,"showVisualEffectGraphs":true,"m_FxEnabled":true},"in2DMode":false,"pivot":{"x":0.8299661874771118,"y":-0.13845230638980866,"z":-0.7599551677703857},"rotation":{"x":0.016504211351275445,"y":0.982061505317688,"z":-0.16500592231750489,"w":0.094284288585186},"size":1.882901668548584,"orthographic":false}