{"cameraMode":{"drawMode":0,"name":"Shaded","section":"Shading Mode"},"sceneLighting":false,"audioPlay":false,"sceneViewState":{"m_AlwaysRefresh":false,"showFog":true,"showSkybox":false,"showFlares":true,"showImageEffects":true,"showParticleSystems":true,"showVisualEffectGraphs":true,"m_FxEnabled":false},"in2DMode":false,"pivot":{"x":-216.33828735351563,"y":0.9750157594680786,"z":-215.93226623535157},"rotation":{"x":-0.020551037043333055,"y":-0.9508908987045288,"z":0.17877799272537232,"w":-0.25649940967559817},"size":2.6662344932556154,"orthographic":false}