{"cameraMode":{"drawMode":0,"name":"Shaded","section":"Shading Mode"},"sceneLighting":false,"audioPlay":false,"sceneViewState":{"m_AlwaysRefresh":false,"showFog":true,"showSkybox":false,"showFlares":true,"showImageEffects":true,"showParticleSystems":true,"showVisualEffectGraphs":true,"m_FxEnabled":true},"in2DMode":false,"pivot":{"x":23.564573287963868,"y":21.250965118408204,"z":-19.597129821777345},"rotation":{"x":-0.018669787794351579,"y":0.9799990653991699,"z":-0.1634952276945114,"w":-0.11190760880708695},"size":56.680240631103519,"orthographic":false}