{"cameraMode":{"drawMode":0,"name":"Shaded","section":"Shading Mode"},"sceneLighting":false,"audioPlay":false,"sceneViewState":{"m_AlwaysRefresh":false,"showFog":true,"showSkybox":false,"showFlares":true,"showImageEffects":true,"showParticleSystems":true,"showVisualEffectGraphs":true,"m_FxEnabled":false},"in2DMode":false,"pivot":{"x":0.8937368392944336,"y":0.4615234136581421,"z":0.7590389251708984},"rotation":{"x":-0.027270492166280748,"y":-0.9555793404579163,"z":0.20768675208091737,"w":-0.21270835399627686},"size":1.3659132719039918,"orthographic":false}