{"cameraMode":{"drawMode":0,"name":"Shaded","section":"Shading Mode"},"sceneLighting":false,"audioPlay":false,"sceneViewState":{"m_AlwaysRefresh":false,"showFog":true,"showSkybox":false,"showFlares":true,"showImageEffects":true,"showParticleSystems":true,"showVisualEffectGraphs":true,"m_FxEnabled":true},"in2DMode":false,"pivot":{"x":240.1732177734375,"y":337.99969482421877,"z":-55.08058166503906},"rotation":{"x":0.0015724499244242907,"y":0.9983524680137634,"z":-0.06299744546413422,"w":0.011221249587833882},"size":567.4642333984375,"orthographic":false}